jitpack.io,104.26.8.99
,104.26.9.99
,172.67.72.129
npm.taobao.org,114.55.80.225
maven.aliyun.com,182.92.29.13
,182.92.29.16
,182.92.29.40
,182.92.29.53
,182.92.29.54
,59.110.251.10
,59.110.251.11
,59.110.251.12
,59.110.251.4
,59.110.251.9
mirrors.tuna.tsinghua.edu.cn,101.6.15.130
plugins.gradle.org,104.18.190.9
,104.18.191.9
rubygems.org,151.101.1.227
,151.101.129.227
,151.101.193.227
,151.101.65.227
mirrors.aliyun.com,111.19.224.238
,111.19.224.239
,111.19.224.240
,111.19.224.241
,111.19.224.242
,111.19.224.243
,111.19.224.244
,111.19.224.248
repo.grails.org,104.21.26.189
,172.67.138.93
quay.io,3.224.202.81
,34.238.54.37
,44.206.77.171
,52.203.129.140
,52.54.221.77
,54.163.152.191
docker.mirrors.ustc.edu.cn,202.141.176.110
index.docker.io,3.216.34.172
,34.205.13.154
,44.205.64.79
registry.npmmirror.com,112.46.227.104
hub.docker.com,18.206.20.10
,18.210.197.188
,3.228.146.75
dl.yarnpkg.com,104.16.171.99
,104.18.126.100
rhc.sonatype.com,13.226.122.19
,13.226.122.24
,13.226.122.49
,13.226.122.87
repo1.maven.org,151.101.40.209
repository.apache.org,136.243.146.148
build.openmodelica.org,192.36.54.111
mirror.azure.cn,42.159.26.242
maven.apache.org,151.101.2.132
developer.aliyun.com,106.11.249.99
proxy.golang.com.cn,111.6.246.134
,117.187.179.80
archive.kylinos.cn,111.31.103.210
,111.31.103.211
,111.31.103.215
,111.31.103.217
,111.51.68.236
,111.51.68.237
,111.51.68.239
,111.51.68.241
,112.25.18.113
,112.25.18.115
,112.25.18.116
,112.25.18.120
,112.29.198.239
,112.29.198.241
,112.29.198.244
,112.29.198.248
golang.google.cn,120.253.250.226
jcenter.bintray.com,34.95.74.180
download.docker.com,13.225.103.10
,13.225.103.32
,13.225.103.65
,13.225.103.86
production.cloudflare.docker.com,104.18.121.25
,104.18.122.25
,104.18.123.25
,104.18.124.25
,104.18.125.25
repos.influxdata.com,99.86.4.4
,99.86.4.48
,99.86.4.54
,99.86.4.70
ppa.launchpad.net,185.125.190.52
launchpadcontent.net,185.125.190.52
culmat.github.io,185.199.108.153
,185.199.109.153
,185.199.110.153
,185.199.111.153
ppa.launchpadcontent.net,185.125.190.52
azuresearch-ea.nuget.org,20.239.30.76
maven.google.com,172.217.163.46
pypi.tuna.tsinghua.edu.cn,101.6.15.130
registry.bower.io,104.21.27.216
,172.67.169.196
repo.spring.io,3.211.205.49
,3.217.84.96
,3.220.87.193
,3.94.19.159
,52.55.155.90
,54.236.86.142
deb.nodesource.com,23.200.74.32
,23.200.74.9
cdnjs.cloudflare.com,104.17.24.14
,104.17.25.14
repo.maven.apache.org,151.101.24.215
azuresearch-usnc.nuget.org,52.159.91.14
registry.npm.taobao.org,112.46.227.107
github.com,20.205.243.166
auth.docker.io,3.216.34.172
,34.205.13.154
,44.205.64.79
registry.npmjs.org,104.16.16.35
,104.16.17.35
,104.16.18.35
,104.16.19.35
,104.16.20.35
,104.16.21.35
,104.16.22.35
,104.16.23.35
,104.16.24.35
,104.16.25.35
,104.16.26.35
,104.16.27.35
mirrors.cloud.tencent.com,112.46.224.121
,112.46.224.152
,112.46.224.183
,112.46.224.184
,112.46.224.185
,112.46.224.189
,112.46.224.252
,112.46.224.254
releases.galeracluster.com,116.202.176.98
archive.ubuntu.com,185.125.190.36
,185.125.190.39
,91.189.91.38
,91.189.91.39
oss.sonatype.org,3.227.177.0
,44.208.233.14
npmmirror.com,47.96.233.62
rpm.nodesource.com,23.202.33.114
,23.202.33.218
update.cs2c.com.cn,124.126.103.180
r.cnpmjs.org,222.166.1.87
charts.helm.sh,185.199.108.153
,185.199.109.153
,185.199.110.153
,185.199.111.153
www.nuget.org,52.240.159.111
nl.alpinelinux.org,147.75.40.42
cran.r-project.org,137.208.57.37
ustc-edu-cn.mirror.aliyuncs.com,47.118.38.160
dl.google.com,120.253.255.33
packages.redis.io,13.225.103.123
,13.225.103.43
,13.225.103.45
,13.225.103.46
launchpad.net,185.125.189.222
,185.125.189.223
cdn.npmmirror.com,111.19.224.238
,111.19.224.239
,111.19.224.240
,111.19.224.241
,111.19.224.242
,111.19.224.243
,111.19.224.244
,111.19.224.248
registry-1.docker.io,3.216.34.172
,34.205.13.154
,44.205.64.79
mcr.microsoft.com,204.79.197.219
pypi.org,151.101.0.223
,151.101.128.223
,151.101.192.223
,151.101.64.223
kubernetes-charts-incubator.storage.googleapis.com,172.217.163.48
gems.ruby-china.com,112.3.31.147
goproxy.io,119.28.201.50
api.nuget.org,23.101.10.141
dl.influxdata.com,65.9.66.63
,65.9.66.76
,65.9.66.81
,65.9.66.84
azuresearch-sea.nuget.org,20.212.93.216

